correlacao.prova.um,correlacao.prova.dois,correlacao.prova.tres
0.321443791398015,0.294683996974073,0.677822665605864
